<?xml version="1.0" encoding="UTF-8"?>
<aux_document baseurl="https://bou-kcmqclin1.flatironssolutions.com:443/kcmserver" publishtype="PDFPublish"><aux_dm dmissueday="03" dmissuemonth="01" dmissueyear="2024" wfstate="Official"><aux_applic>&lt;displayText&gt;&lt;simplePara&gt;Mountain storm Mk1&lt;/simplePara&gt;&lt;/displayText&gt;&lt;evaluate andOr=&quot;and&quot;&gt;&lt;assert applicPropertyIdent=&quot;model&quot; applicPropertyType=&quot;prodattr&quot; applicPropertyValues=&quot;Mountain storm&quot;/&gt;&lt;assert applicPropertyIdent=&quot;version&quot; applicPropertyType=&quot;prodattr&quot; applicPropertyValues=&quot;Mk1&quot;/&gt;&lt;/evaluate&gt;</aux_applic><aux_metadata><aux_actid>556</aux_actid><aux_actref>S1000DBIKE-AAA-D00-00-00-00AA-00WA-D</aux_actref><aux_brexref>S1000DBIKE-AAA-D00-00-00-00AA-022A-D</aux_brexref><aux_caveat>cv51</aux_caveat><aux_commcls>cc51</aux_commcls><aux_country>US</aux_country><aux_distrib>To be made available to all S1000D users.</aux_distrib><aux_dmc>S1000DBIKE-AAA-DA4-00-00-00AA-041A-A</aux_dmc><aux_dmcid>101900</aux_dmcid><aux_dminstanceid>101908</aux_dminstanceid><aux_dmodid>117570</aux_dmodid><aux_dmt1id>1753</aux_dmt1id><aux_dmt2id>1469</aux_dmt2id><aux_extissno>002</aux_extissno><aux_firstqatype>TABTOP</aux_firstqatype><aux_hasslaves>N</aux_hasslaves><aux_ident>S1000DBIKE-AAA-DA4-00-00-00AA-041A-A_002_00_EN_US</aux_ident><aux_identstring>S1000DBIKE-AAA-DA4-00-00-00AA-041A-A_002_00_EN_US</aux_identstring><aux_infocode>041</aux_infocode><aux_infoname>Description of how it is made</aux_infoname><aux_inworkissno>00</aux_inworkissno><aux_isdme>N</aux_isdme><aux_isdraft>N</aux_isdraft><aux_ismaster>Y</aux_ismaster><aux_issday>03</aux_issday><aux_issmonth>01</aux_issmonth><aux_issno>002</aux_issno><aux_isstype>changed</aux_isstype><aux_issyear>2024</aux_issyear><aux_language>EN</aux_language><aux_lastissue>Y</aux_lastissue><aux_lock>false</aux_lock><aux_objectref>434091</aux_objectref><aux_origorgncage>U8025</aux_origorgncage><aux_plqatype>TABTOP</aux_plqatype><aux_qastatus>SECVER</aux_qastatus><aux_rfu>test3</aux_rfu><aux_rpcorgncage>U8025</aux_rpcorgncage><aux_secondqatype>TABTOP</aux_secondqatype><aux_securityclass>01</aux_securityclass><aux_securitylabel>NATO Unclassified</aux_securitylabel><aux_structured>Y</aux_structured><aux_systemid>134</aux_systemid><aux_techname>Drivetrain</aux_techname><aux_updmdataidx>1</aux_updmdataidx><aux_urgent>false</aux_urgent><aux_urgentpublished>false</aux_urgentpublished><aux_wfstate>Official</aux_wfstate><aux_workflowstate>Official</aux_workflowstate></aux_metadata></aux_dm><aux_references linktype="url"><aux_refdm dmc="S1000DBIKE-AAA-D00-00-00-00AA-022A-D" url="GetDocument?dmc=S1000DBIKE-AAA-D00-00-00-00AA-022A-D&amp;csdbid=134&amp;issno="/><aux_refdm dmc="S1000DBIKE-AAA-D00-00-00-00AA-00WA-D" url="GetDocument?dmc=S1000DBIKE-AAA-D00-00-00-00AA-00WA-D&amp;csdbid=134&amp;issno="/></aux_references><aux_logo logofile=" "/><aux_previousdeliverycontent><aux_none/></aux_previousdeliverycontent><aux_csdb_metadata><aux_csdb_name>8.4_S1KD_Upgrade</aux_csdb_name></aux_csdb_metadata><aux_render_identandstatussection>false</aux_render_identandstatussection><aux_deliverableformat name=""/><aux_frontback>false</aux_frontback></aux_document>